{
  "version": 1,
  "width": 80,
  "height": 24,
  "duration": 205.623583,
  "command": null,
  "title": null,
  "env": {
    "TERM": "xterm-256color",
    "SHELL": "/bin/bash"
  },
  "stdout": [
    [
      0.008419,
      "\u001b]0;backdoor@bozeman:~\u0007"
    ],
    [
      0.000389,
      "[backdoor@bozeman ~]$ "
    ],
    [
      1.862099,
      "t"
    ],
    [
      0.095727,
      "m"
    ],
    [
      0.231911,
      "u"
    ],
    [
      0.160959,
      "x"
    ],
    [
      0.09529,
      " "
    ],
    [
      0.264182,
      "a"
    ],
    [
      0.336354,
      "t"
    ],
    [
      0.166981,
      "t"
    ],
    [
      0.104907,
      "a"
    ],
    [
      0.198667,
      "c"
    ],
    [
      0.160848,
      "h"
    ],
    [
      0.376379,
      "-"
    ],
    [
      0.264009,
      "s"
    ],
    [
      0.167579,
      "e"
    ],
    [
      0.200676,
      "s"
    ],
    [
      0.127468,
      "s"
    ],
    [
      0.071163,
      "i"
    ],
    [
      0.080487,
      "o"
    ],
    [
      0.120847,
      "n"
    ],
    [
      0.159692,
      " "
    ],
    [
      0.160081,
      "-"
    ],
    [
      0.232404,
      "t"
    ],
    [
      0.111419,
      " "
    ],
    [
      0.215905,
      "1"
    ],
    [
      1.673294,
      "\r\n"
    ],
    [
      0.028338,
      "\u001b[?1049h\u001b[?1h\u001b=\u001b[H\u001b[2J\u001b[?12l\u001b[?25h\u001b[?1000l\u001b[?1002l\u001b[?1006l\u001b[?1005l\u001b[c\u001b(B\u001b[m\u001b[?12;25h\u001b[?12l\u001b[?25h\u001b[?1003l\u001b[?1006l\u001b[?2004l\u001b[1;1H\u001b[1;24r\u001b]112\u0007\u001b[23;1H\u001b[?25l\u001b[H       *** rTorrent PS-1.0.r68.g882aa4e 0.9.6/0.13.6 - bozeman:22420 ***\u001b[K\r\n\u001b[97m\u001b[44m\u001b[1m[View: main]                                                    [ none of 0    ]\u001b(B\u001b[m\u001b[3;1H\u001b[K\r\n\u001b[K\r\n\u001b[K\r\n\u001b[K\r\n\u001b[K\r\n\u001b[K\r\n\u001b[K\r\n\u001b[K\r\n\u001b[K\r\n\u001b[K\r\n\u001b[K\r\n\u001b[K\r\n\u001b[K\r\n\u001b[K\r\n\u001b[K\r\n\u001b[K\r\n\u001b[K\r\n\u001b[K\r\n\u001b[K\r\n(14:05:10) Command failed: Target of wrong type to command.\u001b[K\r\n\u001b[96m\u001b[44m\u001b[1m[Throttle off/off KB] [Rate   0.0/  0.0 KB] [Port: 6904] [U 0/0] [D 0/0] [H 0/3 \u001b[24;1H\u001b(B\u001b[m\u001b[30m\u001b[42m[1] 0:rtorrent*                                        \"bozeman\" 14:05 30-Oct-17\u001b(B\u001b[m\u001b[23;1H"
    ],
    [
      0.004291,
      "\u001b(B\u001b[m\u001b[?12;25h\u001b[?12l\u001b[?25h\u001b[?1003l\u001b[?1006l\u001b[?2004l\u001b[1;1H\u001b[1;24r\u001b[23;1H\u001b[?25l\u001b[H       *** rTorrent PS-1.0.r68.g882aa4e 0.9.6/0.13.6 - bozeman:22420 ***\u001b[K\r\n\u001b[97m\u001b[44m\u001b[1m[View: main]                                                    [ none of 0    ]\u001b(B\u001b[m\u001b[3;1H\u001b[K\r\n\u001b[K\r\n\u001b[K\r\n\u001b[K\r\n\u001b[K\r\n\u001b[K\r\n\u001b[K\r\n\u001b[K\r\n\u001b[K\r\n\u001b[K\r\n\u001b[K\r\n\u001b[K\r\n\u001b[K\r\n\u001b[K\r\n\u001b[K\r\n\u001b[K\r\n\u001b[K\r\n\u001b[K\r\n\u001b[K\r\n(14:05:10) Command failed: Target of wrong type to command.\u001b[K\r\n\u001b[96m\u001b[44m\u001b[1m[Throttle off/off KB] [Rate   0.0/  0.0 KB] [Port: 6904] [U 0/0] [D 0/0] [H 0/3 \u001b[24;1H\u001b(B\u001b[m\u001b[30m\u001b[42m[1] 0:rtorrent*                                        \"bozeman\" 14:05 30-Oct-17\u001b(B\u001b[m\u001b[23;1H"
    ],
    [
      2.582337,
      "\u001b[1;23r\u001b[2;23r\u001b[22S\u001b[1;1H\u001b[K\u001b[7C*** rTorrent PS-1.0.r68.g882aa4e 0.9.6/0.13.6 - bozeman:22420 ***\r\n\u001b[97m\u001b[44m\u001b[1m[View: main]                                                    [ none of 0    ]\u001b[22;1H\u001b(B\u001b[m(14:05:10) Command failed: Target of wrong type to command.\r\nload.start> \u001b[7m \u001b[1;24r\u001b[23;13H\u001b(B\u001b[m"
    ],
    [
      2.700076,
      "http://takeovertheworld.org/matrix/The.Matrix-ASCII.torrent\u001b[7m \b\u001b(B\u001b[m"
    ],
    [
      1.118347,
      "\u001b[1;23r\u001b[2;23r\u001b[22S\u001b[1;1H\u001b[K\u001b[7C*** rTorrent PS-1.0.r68.g882aa4e 0.9.6/0.13.6 - bozeman:22420 ***\r\n\u001b[97m\u001b[44m\u001b[1m[View: main]                                                    [ none of 0    ]\u001b[22;1H\u001b(B\u001b[m(14:05:10) Command failed: Target of wrong type to command.\r\n\u001b[96m\u001b[44m\u001b[1m[Throttle off/off KB] [Rate   0.0/  0.0 KB] [Port: 6904] [U 0/0] [D 0/0] [H 0/3\b \u001b(B\u001b[m\u001b[44m\b\u001b[1@\u001b[96m\u001b[1m3\u001b(B\u001b[m\u001b[1;7H\u001b[1K *** rTorrent PS-1.0.r68.g882aa4e 0.9.6/0.13.6 - bozeman:22420 ***\u001b[K\r\n\u001b[97m\u001b[44m\u001b[1m[View: main]                                                    [ none of 0    ]\u001b[21;1H\u001b(B\u001b[m(14:05:10) Command failed: Target of wrong type to command.\u001b[K\r\nHttp [1]  The.Matrix-ASCII done\u001b[K\r\n\u001b[96m\u001b[44m\u001b[1m[Throttle off/off KB] [Rate   0.0/  0.0 KB] [Port: 6904] [U 0/0] [D 0/0] [H 1/3\b \u001b(B\u001b[m\u001b[44m\b\u001b[1@\u001b[96m\u001b[1m3\u001b[1;24r\u001b[23;1H\u001b(B\u001b[m"
    ],
    [
      3.942038,
      "\u001b[2;75H\u001b[97m\u001b[44m\u001b[1m1\u001b[3;3H\u001b(B\u001b[m\u001b[35m The.Matrix-ASCII                                      \u001b[37m\u001b[1m{\u001b(B\u001b[m\u001b[37m…chattanoogastate.edu\u001b[1m}\u001b[4;3H\u001b(B\u001b[m\u001b[37m[OPEN]      0.0K \u001b[90m/\u001b[37m   4.4G    \u001b[90m U/D:\u001b[37m \u001b[90m\u001b[1m  0.0K\u001b(B\u001b[m\u001b[37m \u001b[90m/\u001b[37m \u001b[90m\u001b[1m  0.0K\u001b(B\u001b[m\u001b[37m  \u001b[90mUploaded:\u001b[37m   0.0K     \u001b[90m \u001b[31m   \u001b[90m \u001b[5;3H\u001b[39mHashing: Checking hash [100%]\u001b[23;1H"
    ],
    [
      0.080101,
      "\u001b[1;7H\u001b[1K *** rTorrent PS-1.0.r68.g882aa4e 0.9.6/0.13.6 - bozeman:22420 ***\r\n\u001b[97m\u001b[44m\u001b[1m[View: main]                                                    [ none of 1    ]\u001b[3;1H\u001b(B\u001b[m  \u001b[33m The.Matrix-ASCII                                      \u001b[37m\u001b[1m{\u001b(B\u001b[m\u001b[37m…chattanoogastate.edu\u001b[1m}\u001b[4;1H\u001b(B\u001b[m  \u001b[37m            0.0K \u001b[90m/\u001b[37m   4.4G    \u001b[90m U/D:\u001b[37m \u001b[90m\u001b[1m  0.0K\u001b(B\u001b[m\u001b[37m \u001b[90m/\u001b[37m \u001b[90m\u001b[1m  0.0K\u001b(B\u001b[m\u001b[37m  \u001b[90mUploaded:\u001b[37m   0.0K     \u001b[90m[\u001b[31m 0%\u001b[90m]\u001b[5;1H\u001b[39m  Tracker[0:0]: Connecting to http://onyx.chattanoogastate.edu:6969/announce\u001b[K\u001b[21;1H\u001b[K\r\n(14:05:10) Command failed: Target of wrong type to command.\u001b[K\r\n\u001b[96m\u001b[44m\u001b[1m[Throttle off/off KB] [Rate   0.0/  0.0 KB] [Port: 6904] [U 0/0] [D 0/0] [H 1/3\b \u001b(B\u001b[m\u001b[44m\b\u001b[1@\u001b[49m\u001b[1;23r\u001b[2;23r\u001b[22S\u001b[1;1H\u001b[K\u001b[1;24r\u001b[23;1H"
    ],
    [
      0.049641,
      "\u001b[A(14:05:10) Command failed: Target of wrong type to command.\r\n"
    ],
    [
      0.269521,
      "\u001b[1;8H*** rTorrent PS-1.0.r68.g882aa4e 0.9.6/0.13.6 - bozeman:22420 ***\r\n\u001b[97m\u001b[44m\u001b[1m[View: main]                                                    [ none of 1    ]\u001b[3;3H\u001b(B\u001b[m\u001b[33m The.Matrix-ASCII                                      \u001b[37m\u001b[1m{\u001b(B\u001b[m\u001b[37m…chattanoogastate.edu\u001b[1m}\u001b[4;3H\u001b(B\u001b[m\u001b[37m            0.0K \u001b[90m/\u001b[37m   4.4G    \u001b[90m U/D:\u001b[37m \u001b[90m\u001b[1m  0.0K\u001b(B\u001b[m\u001b[37m \u001b[90m/\u001b[37m \u001b[90m\u001b[1m  0.0K\u001b(B\u001b[m\u001b[37m  \u001b[90mUploaded:\u001b[37m   0.0K     \u001b[90m[\u001b[31m 0%\u001b[90m]\u001b[5;3H\u001b[39mTracker[0:0]: Connecting to http://onyx.chattanoogastate.edu:6969/announce\u001b[23;1H\u001b[96m\u001b[44m\u001b[1m[Throttle off/off KB] [Rate   0.0/  0.0 KB] [Port: 6904] [U 0/0] [D 0/0] [H 1/3\b \u001b(B\u001b[m\u001b[44m\b\u001b[1@\u001b[96m\u001b[1m3\r\u001b(B\u001b[m"
    ],
    [
      1.000415,
      "\u001b[3d "
